<publishData>
  <publishTarget publishUrl="c:\temp\FooTheoryPdfWatermarker\">
    <file relUrl="bin/FooTheory.iTextSharpLibrary.pdb" publishTime="5/10/2008 2:06:44 PM" />
    <file relUrl="Web.config" publishTime="5/10/2008 2:15:06 PM" />
    <file relUrl="Default.aspx" publishTime="5/10/2008 2:10:37 PM" />
    <file relUrl="bin/FooTheory.iTextSharpLibrary.dll" publishTime="5/10/2008 2:06:44 PM" />
    <file relUrl="bin/FooTheory.iTextSharpExample.pdb" publishTime="5/10/2008 2:12:31 PM" />
    <file relUrl="bin/itextsharp.dll" publishTime="5/3/2008 4:22:02 PM" />
    <file relUrl="bin/FooTheory.iTextSharpExample.dll" publishTime="5/10/2008 2:12:31 PM" />
  </publishTarget>
</publishData>